Workbook

Sheet Start Here
A1: Plan v5 — Multimodal inference engineer (VLM anchor, diffusion crossover, engine contributions)
A2: Sep 21 – Dec 31, 2026 · Supersedes v4 (archive it)
A4: Anchor | B4: Qwen2.5-VL-3B-Instruct in fp16 on Kaggle T4. Fallback: smallest Qwen3-VL, then SmolVLM. Decide on day 1 and record why. | F4: Planned hours | G4: =SUM(Plan!B2:B74) -> 331 | I4: Rules
A5: Order | B5: W1–W2 understand and measure Qwen. W3 SigLIP home-decor model (training runs while you set up the engines). W4 engine gap table → first small PR open by Oct 18. W5–W6 diffusion crossover. W7 (Diwali) kernel foundations. W8–W10 kernel + substantive engine PR. W11–W15 depth, artifacts, portfolio. | F5: Total tasks | G5: =COUNTA(Plan!C2:C74) -> 73 | I5: Read what's known before measuring; measure before building; never build what a merged PR already did.
A6: Assistant rule | B6: Coding assistant writes scaffolding (harness, scripts, plots, tests, README) and reviews your code. You write the model reimplementations, the sampler, the kernels, and every analysis sentence. | F6: Tasks done | G6: =COUNTIF(Plan!H2:H74,"Done") -> 0 | I6: One factor at a time. Every experiment: hypothesis, change, baseline, metric, result, analysis, conclusion.
A7: Contributions | B7: PRs are background work once open: ~2 h/week for review responses, same-day replies. Never block the main track on a maintainer. | F7: Hours done | G7: =SUMIF(Plan!H2:H74,"Done",Plan!B2:B74) -> 0 | I7: No speed claim without accuracy on the regression set (ground truth) plus agreement with baseline, both with CIs, and hardware details. Ten images are for traces, never for quality claims. Always compare a kernel to what torch.compile already generates.
A8: Public | B8: Nothing public until Artifact 1 (Oct 4). Then one plot/week on X, one findings post per artifact (blog + HF community + repo docs/findings/), Hub model with an honest card, PRs as the primary channel, one lightning talk in December. | F8: Progress (hours) | G8: =IF(G4=0,0,G7/G4) -> 0 | I8: Done-when criteria describe a correctly run experiment, not a favourable result. A null or negative result, reported honestly, completes the task.
A9: Budget | B9: Kaggle for all correctness, training, kernels (T4 = fp16 only, no FA2). Modal ≈ $50/month from October for L4 runs in vLLM/SGLang; every headline number gets a T4 and an L4 row. | F9: Modal spent ($) | G9: 0 | I9: Benchmarks: warm-up, synchronize, ≥20 repeats, median and p95, cold vs warm separately, versions recorded.
A10: Targets | B10: First: fal, Fireworks, Together, Baseten, Hugging Face, multimodal and robotics teams, document-AI companies. Later: frontier and generative labs, via referrals earned from PRs and posts. | F10: Modal budget ($) | G10: 150 | I10: Artifacts lead with findings. Profiling is a method; it appears only in the methods section and in the answer to 'how did you know'.
F11: Modal remaining ($) | G11: =G10-G9 -> 150 | I11: Licensed data only for the home-decor model. No scraped product photos.
F12: Blue cells are inputs (spend, budget). Everything else is computed. | I12: Slip policy: use W7 buffer first. Cut in order: W12-3 → W11-1 → kernel #2 → W13-4 → diffusion crossover to one week. Never cut W2-1, W4-4, W6-4, W8-1, W10-1.
I13: New ideas go to ideas.md and are reviewed on the first of each month. The plan is executed daily.
A14: Week / dates | B14: Planned hours | C14: Done hours | D14: What this week achieves | E14: Hard milestone
A15: W1 — Sep 21–27 | B15: =SUMIF(Plan!$A$2:$A$74,A15,Plan!$B$2:$B$74) -> 21 | C15: =SUMIFS(Plan!$B$2:$B$74,Plan!$A$2:$A$74,A15,Plan!$H$2:$H$74,"Done") -> 0 | D15: Qwen2.5-VL-3B: read what's known, baseline, trace, first three findings
A16: W2 — Sep 28–Oct 4 | B16: =SUMIF(Plan!$A$2:$A$74,A16,Plan!$B$2:$B$74) -> 24 | C16: =SUMIFS(Plan!$B$2:$B$74,Plan!$A$2:$A$74,A16,Plan!$H$2:$H$74,"Done") -> 0 | D16: Encoder block reimplemented and matched, fp16 fixes, two measured optimizations, Artifact 1 | E16: Artifact 1 by Oct 4
A17: W3 — Oct 5–11 | B17: =SUMIF(Plan!$A$2:$A$74,A17,Plan!$B$2:$B$74) -> 22 | C17: =SUMIFS(Plan!$B$2:$B$74,Plan!$A$2:$A$74,A17,Plan!$H$2:$H$74,"Done") -> 0 | D17: SigLIP home-decor fine-tune + card (training runs while you set up vLLM/SGLang on L4) | E17: Model on the Hub
A18: W4 — Oct 12–18 | B18: =SUMIF(Plan!$A$2:$A$74,A18,Plan!$B$2:$B$74) -> 22 | C18: =SUMIFS(Plan!$B$2:$B$74,Plan!$A$2:$A$74,A18,Plan!$H$2:$H$74,"Done") -> 0 | D18: Engine vs baseline gap table, contribution list, issue + first small PR opened | E18: First PR open by Oct 18
A19: W5 — Oct 19–25 | B19: =SUMIF(Plan!$A$2:$A$74,A19,Plan!$B$2:$B$74) -> 22 | C19: =SUMIFS(Plan!$B$2:$B$74,Plan!$A$2:$A$74,A19,Plan!$H$2:$H$74,"Done") -> 0 | D19: Diffusion crossover 1: Klein baseline, trace, sampler reimplemented
A20: W6 — Oct 26–Nov 1 | B20: =SUMIF(Plan!$A$2:$A$74,A20,Plan!$B$2:$B$74) -> 22 | C20: =SUMIFS(Plan!$B$2:$B$74,Plan!$A$2:$A$74,A20,Plan!$H$2:$H$74,"Done") -> 0 | D20: Diffusion crossover 2: Klein vs Qwen profile post; pick substantive target; kernel memo | E20: Post 2
A21: W7 — Nov 2–8 (Diwali; Nov 6 off) | B21: =SUMIF(Plan!$A$2:$A$74,A21,Plan!$B$2:$B$74) -> 32 | C21: =SUMIFS(Plan!$B$2:$B$74,Plan!$A$2:$A$74,A21,Plan!$H$2:$H$74,"Done") -> 0 | D21: Deep-work block: GPU mental model, Triton tutorials, kernel #1 contract and first build
A22: W8 — Nov 9–15 | B22: =SUMIF(Plan!$A$2:$A$74,A22,Plan!$B$2:$B$74) -> 22 | C22: =SUMIFS(Plan!$B$2:$B$74,Plan!$A$2:$A$74,A22,Plan!$H$2:$H$74,"Done") -> 0 | D22: Kernel #1 finished and benchmarked vs eager and Inductor; custom op; RFC for substantive PR
A23: W9 — Nov 16–22 | B23: =SUMIF(Plan!$A$2:$A$74,A23,Plan!$B$2:$B$74) -> 22 | C23: =SUMIFS(Plan!$B$2:$B$74,Plan!$A$2:$A$74,A23,Plan!$H$2:$H$74,"Done") -> 0 | D23: Substantive engine contribution, part 1; kernel #2 if profiler justifies
A24: W10 — Nov 23–29 | B24: =SUMIF(Plan!$A$2:$A$74,A24,Plan!$B$2:$B$74) -> 22 | C24: =SUMIFS(Plan!$B$2:$B$74,Plan!$A$2:$A$74,A24,Plan!$H$2:$H$74,"Done") -> 0 | D24: Substantive contribution part 2 with load curves; PR open; Artifact 2 | E24: Artifact 2 + substantive PR by Nov 29
A25: W11 — Nov 30–Dec 6 | B25: =SUMIF(Plan!$A$2:$A$74,A25,Plan!$B$2:$B$74) -> 22 | C25: =SUMIFS(Plan!$B$2:$B$74,Plan!$A$2:$A$74,A25,Plan!$H$2:$H$74,"Done") -> 0 | D25: INT8 tower study; regime map inside the engine; review responses
A26: W12 — Dec 7–13 | B26: =SUMIF(Plan!$A$2:$A$74,A26,Plan!$B$2:$B$74) -> 22 | C26: =SUMIFS(Plan!$B$2:$B$74,Plan!$A$2:$A$74,A26,Plan!$H$2:$H$74,"Done") -> 0 | D26: Distributed concepts + one 2×T4 run; encoder-disaggregated inference experiment; Artifact 3 | E26: Artifact 3 by Dec 13
A27: W13 — Dec 14–20 | B27: =SUMIF(Plan!$A$2:$A$74,A27,Plan!$B$2:$B$74) -> 22 | C27: =SUMIFS(Plan!$B$2:$B$74,Plan!$A$2:$A$74,A27,Plan!$H$2:$H$74,"Done") -> 0 | D27: Load/cost table, clean-room repro, failure taxonomy, post 3, talk deck
A28: W14 — Dec 21–27 | B28: =SUMIF(Plan!$A$2:$A$74,A28,Plan!$B$2:$B$74) -> 20 | C28: =SUMIFS(Plan!$B$2:$B$74,Plan!$A$2:$A$74,A28,Plan!$H$2:$H$74,"Done") -> 0 | D28: Technical report, cards, 10-minute walkthrough, evidence map
A29: W15 — Dec 28–31 | B29: =SUMIF(Plan!$A$2:$A$74,A29,Plan!$B$2:$B$74) -> 14 | C29: =SUMIFS(Plan!$B$2:$B$74,Plan!$A$2:$A$74,A29,Plan!$H$2:$H$74,"Done") -> 0 | D29: Polish, application list, January plan, buffer | E29: Portfolio package Dec 31
A30: Total | B30: =SUM(B15:B29) -> 331 | C30: =SUM(C15:C29) -> 0 | D30: ≈22 h/week; W7 (Diwali) is the 32 h deep-work block for kernels

Sheet Plan
A1: Week / dates | B1: Hours | C1: Goal | D1: Read / learn | E1: Do | F1: Deliver / done when | G1: Compute | H1: Status | I1: Notes
A2: W1 — Sep 21–27 | B2: 2 | C2: W1-1 — Read what's already known (one evening) | D2: vLLM multimodal docs + Qwen2.5-VL model page; SGLang multimodal docs; GitHub issues/PRs in both repos filtered by performance/multimodal + Qwen2.5-VL, last 6 months; both roadmap issues; Qwen2.5-VL model card (token rules, resolution limits). Resources: R1, R2, R3, R4, R5, R6, R7, R8 | E2: Write known_fixes.md: what is already optimized, what people still complain about, what the roadmap wants. Start contrib_notes.md. | F2: Two files exist; you can name five things already fixed and five open complaints. | G2: Local | H2: Not Started
A3: W1 — Sep 21–27 | B3: 3 | C3: W1-2 — Harness and frozen baseline (assistant-heavy) | D3: transformers Qwen2.5-VL usage; PyTorch reproducibility notes. Resources: R8, R10, R11 | E3: Repo skeleton (vlm_lab/, experiments/, benchmarks/, docs/findings/, tests/). One command records config, seed, git SHA, versions, GPU, outputs. Run Qwen2.5-VL-3B-Instruct fp16 on Kaggle T4: 10 fixed images × 2 resolutions × fixed prompts. Record latency split, peak memory, image-token count per resolution. Fallback if it doesn't fit: smallest Qwen3-VL, then SmolVLM; document why. | F3: Baseline table reproducible from a saved command; fits-on-T4 decision recorded. | G3: Kaggle T4 | H3: Not Started
A4: W1 — Sep 21–27 | B4: 3 | C4: W1-3 — First trace and three findings (Monday deliverable) | D4: PyTorch profiler recipe (schedule, record_shapes, profile_memory, trace export). Resources: R12 | E4: Trace the full request. Write: (1) % time in preprocessing / encoder / prefill / decode; (2) top-5 kernels by self GPU time and the op each belongs to; (3) the one change you'd try first and why. | F4: docs/findings/00-first-trace.md with the three items and a trace screenshot. | G4: Kaggle T4 | H4: Not Started
A5: W1 — Sep 21–27 | B5: 6 | C5: W1-4 — Tensor trace and architecture diagram (you, not the assistant) | D5: Qwen2.5-VL paper: vision encoder, dynamic resolution, token merging sections only. transformers model code. Resources: R9, R10 | E5: Forward hooks at image preprocessing output, patch embed, each encoder block type, merger/projector, LLM embedding concat, first LLM block, lm_head. Draw pixels → patches → image tokens → LLM with shapes and how token count scales with resolution. | F5: docs/architecture.md; you can point to code for every shape. | G5: Kaggle T4 | H5: Not Started
A6: W1 — Sep 21–27 | B6: 4 | C6: W1-5 — Timing helper and roofline worksheet | D6: PyTorch CUDA semantics (async); Roofline paper Abs + §1–3. Resources: R13, R14 | E6: Helper: warm-up, synchronize, ≥20 repeats, median, p95. Roofline for: one encoder linear, encoder attention at your patch count, the projector, one LLM prefill linear. State memory- vs compute-bound on T4 and L4. | F6: Tested helper; worksheet with assumptions and verdicts. | G6: Kaggle T4 | H6: Not Started
A7: W1 — Sep 21–27 | B7: 3 | C7: W1-6 — Second profile pass with the split understood | D7: Your W1-4 diagram. Resources: R12 | E7: Re-read the trace with the architecture in hand. Separate CPU launch overhead from GPU time from preprocessing. Rank bottlenecks with a one-line hypothesis each. | F7: Ranked bottleneck table v1 in docs/findings/. | G7: Kaggle T4 | H7: Not Started
A8: W2 — Sep 28–Oct 4 | B8: 9 | C8: W2-1 — Reimplement one vision-encoder block with real weights (you) | D8: Qwen2.5-VL encoder block code; SigLIP/ViT block structure; RoPE variant used by the tower. Resources: R9 | E8: Plain-PyTorch block: norm, attention (SDPA), MLP, rotary handling. Load the pretrained weights for that block. Feed captured inputs from W1-4; compare to reference output on 3 images. | F8: Match table ≤1e-3 in fp32 (state fp16 tolerance separately); block diagram with shapes. | G8: Kaggle T4 | H8: Not Started
A9: W2 — Sep 28–Oct 4 | B9: 4 | C9: W2-2 — Numerical stability test in fp16 on T4 | D9: PyTorch AMP notes; activation-range/NaN hooks. Resources: R15 | E9: T4 has no bf16. Run the regression set in fp16 vs fp32: per-module activation ranges, NaN/Inf detection, output agreement. If instabilities appear, localize them and test a mixed policy; if none appear, record that with the evidence. | F9: Stability table per module and a conclusion (stable / unstable where and fix). A clean result is a valid result. | G9: Kaggle T4 | H9: Not Started
A10: W2 — Sep 28–Oct 4 | B10: 4 | C10: W2-0 — Three evaluation sets, three purposes | D10: lmms-eval and an open VQA benchmark with ground truth (R53, R54). Bootstrap CI (R18). | E10: (1) Debug set: your 10 images × 2 resolutions, for traces only. (2) Regression set: ~200 items sampled from a public benchmark with ground truth (e.g. TextVQA/DocVQA/ChartQA val), used for every quality-preservation claim; report accuracy vs ground truth AND agreement with the fp32 baseline, with bootstrap CIs. (3) Human-checked subset: 30 items you grade yourself, blind, for optimizations that change outputs. Freeze all three and record sampling seed. | F10: eval/ has the three sets, a scorer, and a README stating what each set can and cannot support. | G10: Kaggle T4 | H10: Not Started
A11: W2 — Sep 28–Oct 4 | B11: 4 | C11: W2-3 — Two one-factor optimizations with paired quality | D11: torch.compile tutorial (graph breaks, recompiles); SDPA backend docs. Resources: R16, R17, R18 | E11: Candidates from W1-6: batch encoder across images, GPU-side resize/normalize, cached vision outputs for repeated images, compile the encoder, SDPA backend check. Two experiments, one factor each, template README. Quality: accuracy on the regression set vs ground truth and agreement with baseline, both with CIs; human-checked subset if outputs changed. | F11: Decision table: speed, memory, accuracy Δ ± CI, agreement Δ ± CI, keep/reject. Claims limited to what a 200-item set supports. | G11: Kaggle T4 | H11: Not Started
A12: W2 — Sep 28–Oct 4 | B12: 1 | C12: W2-4 — L4 benchmark row | D12: Modal GPU docs. Resources: R19 | E12: Rerun baseline + accepted optimizations once on L4. | F12: Table has T4 and L4 columns. | G12: Modal ≤$2 | H12: Not Started
A13: W2 — Sep 28–Oct 4 | B13: 2 | C13: W2-5 — Artifact 1: publish the finding, not the method | D13: Two well-written engineering findings posts for structure. Resources: R52 | E13: README opens with the finding (e.g. where the time goes and what cut it). docs/findings/01-where-time-goes.md with trace figure, block match, precision policy, decision table, what didn't work. Cross-post to your blog and HF community articles; X post with one plot. | F13: Public by Oct 4; a stranger reproduces the baseline from README. | G13: Local | H13: Not Started
... A74: W15 — Dec 28–31 | B74: 3 | C74: W15-4 — Buffer | D74: — | E74: — | F74: — | G74: Any | H74: Not Started

Sheet Interview Map
A1: Theme | B1: Question you must answer | C1: Evidence (fill as you go) | D1: Confidence 1–5
A2: VLM internals | B2: Pixels to tokens to text with shapes; how image-token count scales; where the projector sits | C2: docs/architecture.md, block match table
A3: Where time goes | B3: Split across preprocessing/encoder/prefill/decode and why; what an engine already fixes | C3: findings 01, W4-1 gap table
A4: Precision | B4: fp16 vs bf16 failure modes; which layers broke and why | C4: W2-2 writeup
A5: Evaluation | B5: How you know a speedup didn't change answers; paired protocol with CIs | C5: W2-3 decision tables
A6: Training | B6: SigLIP objective; fine-tune vs LoRA choice; retrieval eval; leakage checks | C6: Hub card, W3-3
A7: Generative crossover | B7: Denoise vs decode: what differs for a scheduler; flow matching; what distillation removes | C7: findings post 2, sampler.py
A8: Roofline / GPU | B8: Prove an op is memory-bound; T4 vs L4 numbers; occupancy, coalescing, launch overhead | C8: W1-5, gpu_mental_model.md, kernel contract
A9: Kernels | B9: Triton program IDs, masks, autotune; beat Inductor or not; why e2e gain differs from microbench | C9: W8-1, W10-2
A10: Compile / custom ops | B10: Graph breaks, recompiles, registering an op safely | C10: W8-2
A11: Quantization | B11: int8 on a vision tower: when it helps, accuracy impact | C11: W11-1
A12: Serving | B12: Encoder batching, image-token caching, disaggregation trade-offs, cost per 1k images | C12: substantive PR, W12-3, W13-1
A13: Open source | B13: Walk me through your PR: problem, evidence, design, review changes | C13: PR links, RFC
... A15: Debugging story | B15: One real failure diagnosed end to end | C15: fp16 (W2-2) or a kernel correctness bug

Sheet Resources
A1: ID | B1: Resource | C1: URL | D1: Used in
A2: R1 | B2: vLLM multimodal inputs docs | C2: https://docs.vllm.ai/en/latest/features/multimodal_inputs.html | D2: W1-1, W3-5
A3: R2 | B3: vLLM supported models (find Qwen2.5-VL entry) | C3: https://docs.vllm.ai/en/latest/models/supported_models.html | D3: W1-1
A4: R3 | B4: vLLM issues: performance + multimodal | C4: https://github.com/vllm-project/vllm/issues?q=is%3Aissue+label%3Aperformance+qwen2.5-vl | D4: W1-1
A5: R4 | B5: SGLang multimodal docs | C5: https://docs.sglang.ai/supported_models/multimodal_language_models.html | D5: W1-1, W3-5
A6: R5 | B6: SGLang issues: Qwen2.5-VL | C6: https://github.com/sgl-project/sglang/issues?q=qwen2.5-vl | D6: W1-1
A7: R6 | B7: SGLang roadmap issues | C7: https://github.com/sgl-project/sglang/issues?q=is%3Aissue+roadmap | D7: W1-1, W4-2
A8: R7 | B8: vLLM roadmap issues | C8: https://github.com/vllm-project/vllm/issues?q=is%3Aissue+roadmap | D8: W1-1, W4-2
A9: R8 | B9: Qwen2.5-VL-3B-Instruct model card | C9: https://huggingface.co/Qwen/Qwen2.5-VL-3B-Instruct | D9: W1-1, W1-2
A10: R9 | B10: Qwen2.5-VL technical report (arXiv 2502.13923) | C10: https://arxiv.org/abs/2502.13923 | D10: W1-4, W2-1
A11: R10 | B11: transformers Qwen2.5-VL docs | C11: https://huggingface.co/docs/transformers/model_doc/qwen2_5_vl | D11: W1-2, W1-4
A12: R11 | B12: PyTorch reproducibility notes | C12: https://docs.pytorch.org/docs/stable/notes/randomness.html | D12: W1-2, W13-2
... A53: R52 | B53: Hugging Face community articles (blog cross-posting) | C53: https://huggingface.co/blog/community | D53: W2-5, W6-2
A55: Note | B55: URLs verified as stable documentation/paper locations as of Sep 2026; GitHub issue-search links are queries and will change over time. If a page has moved, search the resource name.
